;Industry/Vertical
0;Other
1;Other
2;Other
3;Other
4;Other
5;Other
6;Other
7;Other
8;Other
9;Other
10;Other
11;Other
12;Other
13;Other
14;Other
15;Other
16;Other
17;Other
18;Other
19;Other
20;Other
21;Other
22;Other
23;Other
24;Other
25;Other
26;Other
27;Other
28;Other
29;Other
30;Other
31;Other
32;Other
33;Other
34;Other
35;Other
36;Other
37;Other
38;Other
39;Other
40;Other
41;Other
42;Other
43;Other
44;Other
45;Other
46;Other
47;Other
48;Other
49;Other
50;Other
51;Other
52;Other
53;Other
54;Other
55;Other
56;Other
57;Other
58;Other
59;Other
60;Other
61;Other
62;Other
63;Other
64;Other
65;Other
66;Other
67;Other
68;Other
69;Other
70;Other
71;Other
72;Other
73;Other
74;Other
75;Other
76;Other
77;Other
78;Other
79;Other
80;Other
81;Other
82;Other
83;Other
84;Other
85;Other
86;Other
87;Other
88;Other
89;Other
90;Other
91;Other
92;Other
93;Other
94;Other
95;Other
96;Other
97;Other
98;Other
99;Other
100;Other
101;Other
102;Other
103;Other
104;Other
105;Other
106;Other
107;Other
108;Other
109;Other
110;Other
111;Other
112;Other
113;Other
114;Other
115;Other
116;Other
117;Other
118;Other
119;Other
120;Other
121;Other
122;Other
123;Other
124;Other
125;Other
126;Other
127;Other
128;Other
129;Other
130;Other
131;Other
132;Other
133;Other
134;Other
135;Other
136;Other
137;Other
138;Other
139;Other
140;Other
141;Other
142;Other
143;Other
144;Other
145;Other
146;Other
147;Other
148;Other
149;Other
150;Other
151;Other
152;Other
153;Other
154;Other
155;Other
156;Other
157;Other
158;Other
159;Other
160;Other
161;Other
162;Other
163;Other
164;Other
165;SaaS
166;SaaS
167;SaaS
168;Entertainment
169;SaaS
170;SaaS
171;Entertainment
172;Logistics & Supply Chain
173;E-commerce
174;SaaS
175;Transportation
176;Other
177;Food & Beverages
178;SaaS
179;SaaS
180;EdTech
181;Platforms & Social Media
182;SaaS
183;Platforms & Social Media
184;SaaS
185;EdTech
186;SaaS
187;SaaS
188;SaaS
189;SaaS
190;SaaS
191;SaaS
192;Marketplace
193;SaaS
194;SaaS
195;SaaS
196;SaaS
197;Other
198;SaaS
199;SaaS
200;SaaS
201;Marketplace
202;Fashion
203;Consulting
204;SaaS
205;E-commerce
206;Marketplace
207;SaaS
208;Logistics & Supply Chain
209;SaaS
210;SaaS
211;SaaS
212;Platforms & Social Media
213;Logistics & Supply Chain
214;EdTech
215;IT
216;Platforms & Social Media
217;SaaS
218;IT
219;E-commerce
220;Other
221;IT
222;Platforms & Social Media
223;SaaS
224;Fintech
225;Platforms & Social Media
226;Marketplace
227;SaaS
228;Platforms & Social Media
229;SaaS
230;Marketplace
231;SaaS
232;EdTech
233;Automotive
234;Real Estate
235;Platforms & Social Media
236;Platforms & Social Media
237;Logistics & Supply Chain
238;SaaS
239;IT
240;SaaS
241;EdTech
242;EdTech
243;SaaS
244;EdTech
245;Platforms & Social Media
246;SaaS
247;SaaS
248;SaaS
249;SaaS
250;EdTech
251;SaaS
252;Consulting
253;SaaS
254;E-commerce
255;SaaS
256;SaaS
257;SaaS
258;Platforms & Social Media
259;Food & Beverages
260;SaaS
261;SaaS
262;Platforms & Social Media
263;SaaS
264;Marketplace
265;Logistics & Supply Chain
266;Other
267;SaaS
268;Energy
269;Other
270;Other
271;Platforms & Social Media
272;SaaS
273;SaaS
274;SaaS
275;IT
276;SaaS
277;Marketplace
278;Consulting
279;SaaS
280;Platforms & Social Media
281;SaaS
282;Logistics & Supply Chain
283;Logistics & Supply Chain
284;Automotive
285;SaaS
286;Transportation
287;Platforms & Social Media
288;Food & Beverages
289;Marketplace
290;Platforms & Social Media
291;SaaS
292;Marketplace
293;SaaS
294;IT
295;Consulting
296;Consulting
297;Health & Fitness
298;Health & Fitness
299;IT
300;Platforms & Social Media
301;SaaS
302;Platforms & Social Media
303;SaaS
304;Platforms & Social Media
305;Marketplace
306;Marketplace
307;Logistics & Supply Chain
308;SaaS
309;Platforms & Social Media
310;Energy
311;Health & Fitness
312;SaaS
313;Marketplace
314;Energy
315;E-commerce
316;SaaS
317;Platforms & Social Media
318;SaaS
319;Consulting
320;SaaS
321;Fashion
322;SaaS
323;Platforms & Social Media
324;Health & Fitness
325;Fashion
326;Platforms & Social Media
327;Logistics & Supply Chain
328;SaaS
329;SaaS
330;Platforms & Social Media
331;Platforms & Social Media
332;Platforms & Social Media
333;Health & Fitness
334;Logistics & Supply Chain
335;Other
336;Consulting
337;SaaS
338;EdTech
339;Marketplace
340;Platforms & Social Media
341;Platforms & Social Media
342;Platforms & Social Media
343;Platforms & Social Media
344;Consulting
345;Other
346;Platforms & Social Media
347;Platforms & Social Media
348;Platforms & Social Media
349;SaaS
350;SaaS
351;EdTech
352;Health & Fitness
353;SaaS
354;Platforms & Social Media
355;EdTech
356;Platforms & Social Media
357;Logistics & Supply Chain
358;Platforms & Social Media
359;Platforms & Social Media
360;Platforms & Social Media
361;SaaS
362;SaaS
363;Marketplace
364;Marketplace
365;Platforms & Social Media
366;SaaS
367;Platforms & Social Media
368;SaaS
369;Transportation
370;SaaS
371;Platforms & Social Media
372;Platforms & Social Media
373;SaaS
374;Platforms & Social Media
375;SaaS
376;Platforms & Social Media
377;SaaS
378;Consulting
379;Fintech
380;Marketplace
381;Platforms & Social Media
382;SaaS
383;Marketplace
384;Platforms & Social Media
385;Marketplace
386;Marketplace
387;SaaS
388;Other
389;Food & Beverages
390;Marketplace
391;Other
392;Real Estate
393;Fintech
394;Food & Beverages
395;Entertainment
396;Platforms & Social Media
397;Platforms & Social Media
398;Platforms & Social Media
399;Transportation
400;Platforms & Social Media
401;Fashion
402;Platforms & Social Media
403;SaaS
404;Other
405;SaaS
406;SaaS
407;Fashion
408;Marketplace
409;SaaS
410;Other
411;Consulting
412;Platforms & Social Media
413;Food & Beverages
414;SaaS
415;SaaS
416;Platforms & Social Media
417;Other
418;Platforms & Social Media
419;Platforms & Social Media
420;Platforms & Social Media
421;IT
422;Platforms & Social Media
423;Entertainment
424;Platforms & Social Media
425;Platforms & Social Media
426;Platforms & Social Media
427;E-commerce
428;SaaS
429;Platforms & Social Media
430;Platforms & Social Media
431;Food & Beverages
432;Platforms & Social Media
433;Food & Beverages
434;Other
435;SaaS
436;SaaS
437;SaaS
438;Health & Fitness
439;Other
440;Marketplace
441;SaaS
442;Marketplace
443;Real Estate
444;Fashion
445;Marketplace
446;SaaS
447;Platforms & Social Media
448;Platforms & Social Media
449;Platforms & Social Media
450;Marketplace
451;Marketplace
452;Food & Beverages
453;Platforms & Social Media
454;SaaS
455;Health & Fitness
456;Marketplace
457;Other
458;SaaS
459;Consulting
460;Marketplace
461;EdTech
462;Food & Beverages
463;SaaS
464;SaaS
465;SaaS
466;SaaS
467;Entertainment
468;Other
469;Marketplace
470;SaaS
471;IT
472;Logistics & Supply Chain
473;Health & Fitness
474;Automotive
475;IT
476;Marketplace
477;Platforms & Social Media
478;Logistics & Supply Chain
479;Platforms & Social Media
480;Platforms & Social Media
481;SaaS
482;SaaS
483;SaaS
484;Other
485;Platforms & Social Media
486;SaaS
487;Platforms & Social Media
488;SaaS
489;SaaS
490;Platforms & Social Media
491;SaaS
492;Platforms & Social Media
493;Food & Beverages
494;Platforms & Social Media
495;Energy
496;Other
497;SaaS
498;Platforms & Social Media
499;E-commerce
500;Platforms & Social Media
501;SaaS
502;E-commerce
503;Marketplace
504;Platforms & Social Media
505;Consulting
506;Fashion
507;SaaS
508;Platforms & Social Media
509;SaaS
510;Consulting
511;Automotive
512;SaaS
513;Automotive
514;Platforms & Social Media
515;Platforms & Social Media
516;Platforms & Social Media
517;Consulting
518;SaaS
519;SaaS
520;Platforms & Social Media
521;SaaS
522;Platforms & Social Media
523;SaaS
524;Consulting
525;SaaS
526;SaaS
527;Platforms & Social Media
528;Transportation
529;Platforms & Social Media
530;Platforms & Social Media
531;Platforms & Social Media
532;IT
533;Platforms & Social Media
534;Platforms & Social Media
535;SaaS
536;Platforms & Social Media
537;SaaS
538;SaaS
539;Marketplace
540;Marketplace
541;Marketplace
542;Platforms & Social Media
543;Platforms & Social Media
544;Platforms & Social Media
545;SaaS
546;Platforms & Social Media
547;SaaS
548;SaaS
549;Platforms & Social Media
550;Platforms & Social Media
551;Marketplace
552;SaaS
553;SaaS
554;Energy
555;Platforms & Social Media
556;SaaS
557;EdTech
558;Platforms & Social Media
559;Platforms & Social Media
560;Platforms & Social Media
561;Food & Beverages
562;Platforms & Social Media
563;Platforms & Social Media
564;Platforms & Social Media
565;Platforms & Social Media
566;Platforms & Social Media
567;Platforms & Social Media
568;Platforms & Social Media
569;Platforms & Social Media
570;Platforms & Social Media
571;Marketplace
572;IT
573;Platforms & Social Media
574;SaaS
575;Fintech
576;Marketplace
577;Platforms & Social Media
578;E-commerce
579;Platforms & Social Media
580;Platforms & Social Media
581;Marketplace
582;Platforms & Social Media
583;Food & Beverages
584;Platforms & Social Media
585;Automotive
586;Platforms & Social Media
587;Marketplace
588;Other
589;Platforms & Social Media
590;Marketplace
591;SaaS
592;Platforms & Social Media
593;Marketplace
594;Platforms & Social Media
595;Platforms & Social Media
596;Transportation
597;Health & Fitness
598;SaaS
599;Platforms & Social Media
600;Platforms & Social Media
601;SaaS
602;Food & Beverages
603;Marketplace
604;Marketplace
605;Platforms & Social Media
606;Platforms & Social Media
607;Marketplace
608;Platforms & Social Media
609;Marketplace
610;Fashion
611;SaaS
612;Platforms & Social Media
613;Platforms & Social Media
614;Platforms & Social Media
615;Platforms & Social Media
616;Platforms & Social Media
617;Automotive
618;Platforms & Social Media
619;Food & Beverages
620;SaaS
621;Platforms & Social Media
622;Food & Beverages
623;Fintech
624;Marketplace
625;Platforms & Social Media
626;IT
627;Platforms & Social Media
628;Platforms & Social Media
629;SaaS
630;Platforms & Social Media
631;Fintech
632;Platforms & Social Media
633;Platforms & Social Media
634;Platforms & Social Media
635;Platforms & Social Media
636;Platforms & Social Media
637;Energy
638;Platforms & Social Media
639;Platforms & Social Media
640;Platforms & Social Media
641;Platforms & Social Media
642;Platforms & Social Media
643;Platforms & Social Media
644;Transportation
645;Platforms & Social Media
646;Platforms & Social Media
647;Platforms & Social Media
648;Marketplace
649;Platforms & Social Media
650;Platforms & Social Media
651;SaaS
652;Platforms & Social Media
653;Platforms & Social Media
654;SaaS
655;Platforms & Social Media
656;Platforms & Social Media
657;Platforms & Social Media
658;Marketplace
659;SaaS
660;Marketplace
661;IT
662;Platforms & Social Media
663;Platforms & Social Media
664;SaaS
665;Platforms & Social Media
666;Platforms & Social Media
667;Platforms & Social Media
668;SaaS
669;Platforms & Social Media
670;Platforms & Social Media
671;Platforms & Social Media
672;SaaS
673;Platforms & Social Media
674;Food & Beverages
675;Platforms & Social Media
676;Consulting
677;Marketplace
678;Marketplace
679;SaaS
680;E-commerce
681;Food & Beverages
682;Platforms & Social Media
683;SaaS
684;Platforms & Social Media
685;Platforms & Social Media
686;Logistics & Supply Chain
687;SaaS
688;Platforms & Social Media
689;Platforms & Social Media
690;Other
691;Platforms & Social Media
692;Marketplace
693;Marketplace
694;Platforms & Social Media
695;Marketplace
696;Platforms & Social Media
697;Platforms & Social Media
698;SaaS
699;SaaS
700;SaaS
701;Platforms & Social Media
702;Platforms & Social Media
703;Logistics & Supply Chain
704;Marketplace
705;Platforms & Social Media
706;Marketplace
707;Health & Fitness
708;Marketplace
709;SaaS
710;SaaS
711;Platforms & Social Media
712;Platforms & Social Media
713;SaaS
714;Marketplace
715;Platforms & Social Media
716;Other
717;Platforms & Social Media
718;Platforms & Social Media
719;Platforms & Social Media
720;Marketplace
721;Platforms & Social Media
722;Marketplace
723;Platforms & Social Media
724;Platforms & Social Media
725;SaaS
726;EdTech
727;SaaS
728;Health & Fitness
729;Platforms & Social Media
730;Health & Fitness
731;Marketplace
732;Platforms & Social Media
733;Platforms & Social Media
734;EdTech
735;Platforms & Social Media
736;Marketplace
737;SaaS
738;SaaS
739;Platforms & Social Media
740;SaaS
741;Transportation
742;Marketplace
743;SaaS
744;EdTech
745;Consulting
746;Platforms & Social Media
747;Platforms & Social Media
748;Platforms & Social Media
749;SaaS
750;Health & Fitness
751;SaaS
752;Fashion
753;Platforms & Social Media
754;Platforms & Social Media
755;SaaS
756;Platforms & Social Media
757;Platforms & Social Media
758;SaaS
759;SaaS
760;Marketplace
761;SaaS
762;Platforms & Social Media
763;Other
764;Other
765;Other
766;SaaS
767;Platforms & Social Media
768;SaaS
769;Platforms & Social Media
770;SaaS
771;SaaS
772;SaaS
773;Fintech
774;E-commerce
775;SaaS
776;SaaS
777;Platforms & Social Media
778;SaaS
779;Logistics & Supply Chain
780;Hospitality
781;SaaS
782;SaaS
783;Platforms & Social Media
784;Platforms & Social Media
785;SaaS
786;Platforms & Social Media
787;SaaS
788;Platforms & Social Media
789;Marketplace
790;Platforms & Social Media
791;Marketplace
792;Marketplace
793;Platforms & Social Media
794;Platforms & Social Media
795;Platforms & Social Media
796;Platforms & Social Media
797;Platforms & Social Media
798;Marketplace
799;Platforms & Social Media
800;SaaS
801;Platforms & Social Media
802;Logistics & Supply Chain
803;Platforms & Social Media
804;Marketplace
805;Transportation
806;Platforms & Social Media
807;SaaS
808;Platforms & Social Media
809;Marketplace
810;Transportation
811;EdTech
812;Marketplace
813;Marketplace
814;SaaS
815;SaaS
816;Platforms & Social Media
817;Platforms & Social Media
818;Platforms & Social Media
819;SaaS
820;SaaS
821;Platforms & Social Media
822;Marketplace
823;Platforms & Social Media
824;Platforms & Social Media
825;Platforms & Social Media
826;Platforms & Social Media
827;Platforms & Social Media
828;SaaS
829;SaaS
830;SaaS
831;Platforms & Social Media
832;Other
833;Real Estate
834;Technology
835;Consumer Internet
836;Health & Fitness
837;EdTech
838;EdTech
839;Consumer Internet
840;Consumer Internet
841;Consumer Internet
842;EdTech
843;E-commerce
844;Consumer Internet
845;EdTech
846;Consumer Internet
847;E-commerce
848;E-commerce
849;Consumer Internet
850;Consumer Internet
851;E-commerce
852;Consumer Internet
853;E-commerce
854;Consumer Internet
855;Technology
856;Consumer Internet
857;Consumer Internet
858;Consumer Internet
859;Consumer Internet
860;Consumer Internet
861;Health & Fitness
862;Health & Fitness
863;Consumer Internet
864;E-commerce
865;Consumer Internet
866;Technology
867;Health & Fitness
868;Consumer Internet
869;Consumer Internet
870;Consumer Internet
871;Consumer Internet
872;Consumer Internet
873;Consumer Internet
874;Consumer Internet
875;Consumer Internet
876;Consumer Internet
877;Consumer Internet
878;Consumer Internet
879;E-commerce
880;Technology
881;Consumer Internet
882;Fintech
883;Consumer Internet
884;E-commerce
885;E-commerce
886;E-commerce
887;Consumer Internet
888;Health & Fitness
889;E-commerce
890;Consumer Internet
891;Consumer Internet
892;Consumer Internet
893;Technology
894;Consumer Internet
895;Consumer Internet
896;E-commerce
897;Consumer Internet
898;Consumer Internet
899;Technology
900;Technology
901;Technology
902;Health & Fitness
903;Consumer Internet
904;Consumer Internet
905;E-commerce
906;E-commerce
907;E-commerce
908;Technology
909;E-commerce
910;Technology
911;SaaS
912;Other
913;Technology
914;Consumer Internet
915;Consumer Internet
916;Consumer Internet
917;Consumer Internet
918;Consumer Internet
919;E-commerce
920;Technology
921;Consumer Internet
922;Technology
923;Consumer Internet
924;Consumer Internet
925;E-commerce
926;Technology
927;Consumer Internet
928;Consumer Internet
929;Consumer Internet
930;Technology
931;Technology
932;Consumer Internet
933;E-commerce
934;Consumer Internet
935;Consumer Internet
936;E-commerce
937;EdTech
938;Technology
939;E-commerce
940;Consumer Internet
941;Real Estate
942;E-commerce
943;Consumer Internet
944;Consumer Internet
945;E-commerce
946;E-commerce
947;Consumer Internet
948;Consumer Internet
949;Consumer Internet
950;Consumer Internet
951;Consumer Internet
952;E-commerce
953;Health & Fitness
954;Technology
955;Consumer Internet
956;Technology
957;Consumer Internet
958;Consumer Internet
959;Consumer Internet
960;Technology
961;Technology
962;Consumer Internet
963;Consumer Internet
964;E-commerce
965;Technology
966;Food & Beverages
967;Technology
968;Consumer Internet
969;Consumer Internet
970;E-commerce
971;Consumer Internet
972;Technology
973;Consumer Internet
974;Consumer Internet
975;Fintech
976;Consumer Internet
977;Consumer Internet
978;Technology
979;E-commerce
980;E-commerce
981;Consumer Internet
982;Consumer Internet
983;Consumer Internet
984;Technology
985;Consumer Internet
986;Consumer Internet
987;EdTech
988;Technology
989;Consumer Internet
990;Consumer Internet
991;Consumer Internet
992;Technology
993;E-commerce
994;Technology
995;E-commerce
996;Consumer Internet
997;Consumer Internet
998;Consumer Internet
999;Consumer Internet
1000;Consumer Internet
1001;Consumer Internet
1002;Consumer Internet
1003;Technology
1004;Consumer Internet
1005;Consumer Internet
1006;Consumer Internet
1007;Consumer Internet
1008;Technology
1009;Consumer Internet
1010;Consumer Internet
1011;Consumer Internet
1012;Consumer Internet
1013;Consumer Internet
1014;Consumer Internet
1015;E-commerce
1016;Consumer Internet
1017;Consumer Internet
1018;E-commerce
1019;Technology
1020;Consumer Internet
1021;Consumer Internet
1022;E-commerce
1023;Consumer Internet
1024;Consumer Internet
1025;Consumer Internet
1026;Consumer Internet
1027;Technology
1028;Consumer Internet
1029;Consumer Internet
1030;Technology
1031;Technology
1032;EdTech
1033;Consumer Internet
1034;Consumer Internet
1035;E-commerce
1036;Technology
1037;Consumer Internet
1038;Consumer Internet
1039;Consumer Internet
1040;E-commerce
1041;Health & Fitness
1042;Consumer Internet
1043;E-commerce
1044;Consumer Internet
1045;E-commerce
1046;Consumer Internet
1047;Technology
1048;Consumer Internet
1049;Technology
1050;Consumer Internet
1051;E-commerce
1052;Consumer Internet
1053;E-commerce
1054;Technology
1055;Real Estate
1056;Consumer Internet
1057;Consumer Internet
1058;Consumer Internet
1059;Consumer Internet
1060;Food & Beverages
1061;E-commerce
1062;Technology
1063;E-commerce
1064;Technology
1065;E-commerce
1066;Logistics & Supply Chain
1067;Consumer Internet
1068;Consumer Internet
1069;Technology
1070;Consumer Internet
1071;Consumer Internet
1072;Consumer Internet
1073;Consumer Internet
1074;Consumer Internet
1075;Health & Fitness
1076;Consumer Internet
1077;Consumer Internet
1078;Consumer Internet
1079;Food & Beverages
1080;Consumer Internet
1081;Consumer Internet
1082;Consumer Internet
1083;Consumer Internet
1084;Consumer Internet
1085;E-commerce
1086;Consumer Internet
1087;Technology
1088;Consumer Internet
1089;Consumer Internet
1090;Consumer Internet
1091;Technology
1092;Technology
1093;E-commerce
1094;Consumer Internet
1095;Consumer Internet
1096;Consumer Internet
1097;Consumer Internet
1098;E-commerce
1099;Consumer Internet
1100;Consumer Internet
1101;Fintech
1102;Consumer Internet
1103;Consumer Internet
1104;Technology
1105;Health & Fitness
1106;Consumer Internet
1107;Health & Fitness
1108;Consumer Internet
1109;Consumer Internet
1110;Consumer Internet
1111;Consumer Internet
1112;Food & Beverages
1113;Consumer Internet
1114;Consumer Internet
1115;Health & Fitness
1116;Technology
1117;Consumer Internet
1118;Logistics & Supply Chain
1119;Consumer Internet
1120;Consumer Internet
1121;Consumer Internet
1122;Consumer Internet
1123;Consumer Internet
1124;EdTech
1125;Consumer Internet
1126;Consumer Internet
1127;E-commerce
1128;Consumer Internet
1129;Consumer Internet
1130;Consumer Internet
1131;Fintech
1132;Consumer Internet
1133;Consumer Internet
1134;Consumer Internet
1135;E-commerce
1136;E-commerce
1137;Consumer Internet
1138;Technology
1139;Consumer Internet
1140;Consumer Internet
1141;Consumer Internet
1142;Consumer Internet
1143;E-commerce
1144;Consumer Internet
1145;Consumer Internet
1146;Consumer Internet
1147;Consumer Internet
1148;E-commerce
1149;E-commerce
1150;Consumer Internet
1151;Consumer Internet
1152;Consulting
1153;E-commerce
1154;Consumer Internet
1155;E-commerce
1156;Consumer Internet
1157;Consumer Internet
1158;Consumer Internet
1159;Consumer Internet
1160;E-commerce
1161;Consumer Internet
1162;Consumer Internet
1163;Consumer Internet
1164;E-commerce
1165;Consumer Internet
1166;Consulting
1167;E-commerce
1168;Consumer Internet
1169;Technology
1170;Consumer Internet
1171;Consumer Internet
1172;Consumer Internet
1173;Food & Beverages
1174;Consumer Internet
1175;Consumer Internet
1176;E-commerce
1177;Consumer Internet
1178;Consumer Internet
1179;Consumer Internet
1180;Consumer Internet
1181;Consumer Internet
1182;Consumer Internet
1183;Consumer Internet
1184;Consumer Internet
1185;E-commerce
1186;Consumer Internet
1187;Technology
1188;Consumer Internet
1189;Technology
1190;Consumer Internet
1191;Consumer Internet
1192;Consumer Internet
1193;Consumer Internet
1194;Consumer Internet
1195;EdTech
1196;Consumer Internet
1197;E-commerce
1198;Technology
1199;Technology
1200;Technology
1201;E-commerce
1202;Technology
1203;Technology
1204;Consumer Internet
1205;Technology
1206;Consumer Internet
1207;E-commerce
1208;Logistics & Supply Chain
1209;Technology
1210;Consumer Internet
1211;E-commerce
1212;Consumer Internet
1213;Consumer Internet
1214;Technology
1215;E-commerce
1216;Consumer Internet
1217;Consumer Internet
1218;Consumer Internet
1219;Technology
1220;Consumer Internet
1221;Consumer Internet
1222;Health & Fitness
1223;Consumer Internet
1224;Consumer Internet
1225;Consumer Internet
1226;Logistics & Supply Chain
1227;Consumer Internet
1228;Logistics & Supply Chain
1229;E-commerce
1230;Consumer Internet
1231;Consumer Internet
1232;Consumer Internet
1233;E-commerce
1234;Consumer Internet
1235;Consumer Internet
1236;EdTech
1237;EdTech
1238;Other
1239;Consumer Internet
1240;Consumer Internet
1241;Technology
1242;Consumer Internet
1243;Consumer Internet
1244;Consumer Internet
1245;Consumer Internet
1246;Consumer Internet
1247;Consumer Internet
1248;Consumer Internet
1249;Consumer Internet
1250;Health & Fitness
1251;Technology
1252;Consumer Internet
1253;Consumer Internet
1254;Health & Fitness
1255;Consumer Internet
1256;Consumer Internet
1257;Technology
1258;Consumer Internet
1259;E-commerce
1260;Consumer Internet
1261;E-commerce
1262;Food & Beverages
1263;Consumer Internet
1264;Consumer Internet
1265;Technology
1266;E-commerce
1267;Consumer Internet
1268;Technology
1269;E-commerce
1270;Consumer Internet
1271;Consumer Internet
1272;Consumer Internet
1273;Health & Fitness
1274;Consumer Internet
1275;EdTech
1276;Consumer Internet
1277;Technology
1278;Technology
1279;Technology
1280;Consumer Internet
1281;E-commerce
1282;Technology
1283;Consumer Internet
1284;Consumer Internet
1285;Real Estate
1286;Consumer Internet
1287;E-commerce
1288;Consumer Internet
1289;Technology
1290;E-commerce
1291;Consumer Internet
1292;Technology
1293;SaaS
1294;Technology
1295;E-commerce
1296;Technology
1297;Consumer Internet
1298;Consumer Internet
1299;E-commerce
1300;Consumer Internet
1301;Consumer Internet
1302;Food & Beverages
1303;Logistics & Supply Chain
1304;Technology
1305;Consumer Internet
1306;Consumer Internet
1307;Consumer Internet
1308;E-commerce
1309;Consumer Internet
1310;Consumer Internet
1311;Consumer Internet
1312;Consumer Internet
1313;E-commerce
1314;Technology
1315;Consumer Internet
1316;Technology
1317;Technology
1318;E-commerce
1319;Consumer Internet
1320;E-commerce
1321;Consumer Internet
1322;Consumer Internet
1323;Consumer Internet
1324;Consumer Internet
1325;Consumer Internet
1326;Consumer Internet
1327;Technology
1328;Consumer Internet
1329;Technology
1330;SaaS
1331;E-commerce
1332;Consumer Internet
1333;Technology
1334;Consumer Internet
1335;Technology
1336;Consumer Internet
1337;Consumer Internet
1338;Consumer Internet
1339;Technology
1340;Logistics & Supply Chain
1341;Other
1342;Other
1343;Consumer Internet
1344;Consumer Internet
1345;Consumer Internet
1346;Consumer Internet
1347;Consumer Internet
1348;Technology
1349;Consumer Internet
1350;Consumer Internet
1351;Consumer Internet
1352;Consumer Internet
1353;E-commerce
1354;Technology
1355;Consumer Internet
1356;E-commerce
1357;Consumer Internet
1358;Consumer Internet
1359;Consumer Internet
1360;Food & Beverages
1361;Consumer Internet
1362;Technology
1363;Consumer Internet
1364;Consumer Internet
1365;Consumer Internet
1366;Consumer Internet
1367;Consumer Internet
1368;E-commerce
1369;Logistics & Supply Chain
1370;Consumer Internet
1371;Fintech
1372;Consumer Internet
1373;Consumer Internet
1374;E-commerce
1375;E-commerce
1376;Technology
1377;Consumer Internet
1378;Technology
1379;Consumer Internet
1380;Logistics & Supply Chain
1381;Technology
1382;Consumer Internet
1383;E-commerce
1384;Technology
1385;E-commerce
1386;Technology
1387;Consumer Internet
1388;Consumer Internet
1389;Consumer Internet
1390;Consumer Internet
1391;Consumer Internet
1392;Consumer Internet
1393;Consumer Internet
1394;Consumer Internet
1395;Consumer Internet
1396;Consumer Internet
1397;Consumer Internet
1398;Health & Fitness
1399;E-commerce
1400;Technology
1401;Consumer Internet
1402;Technology
1403;Consumer Internet
1404;E-commerce
1405;E-commerce
1406;E-commerce
1407;Consumer Internet
1408;Consumer Internet
1409;Consumer Internet
1410;E-commerce
1411;Technology
1412;Technology
1413;Technology
1414;Consumer Internet
1415;Technology
1416;Consumer Internet
1417;Consumer Internet
1418;Logistics & Supply Chain
1419;Consumer Internet
1420;Consumer Internet
1421;E-commerce
1422;Consumer Internet
1423;Food & Beverages
1424;Consumer Internet
1425;Consumer Internet
1426;Consumer Internet
1427;E-commerce
1428;Consumer Internet
1429;Consumer Internet
1430;Technology
1431;Technology
1432;Consumer Internet
1433;Consumer Internet
1434;Consumer Internet
1435;Consumer Internet
1436;Consumer Internet
1437;Consumer Internet
1438;Consumer Internet
1439;Consumer Internet
1440;Consumer Internet
1441;E-commerce
1442;Technology
1443;Consumer Internet
1444;E-commerce
1445;Technology
1446;Consumer Internet
1447;Consumer Internet
1448;Consumer Internet
1449;E-commerce
1450;Consumer Internet
1451;Consumer Internet
1452;E-commerce
1453;Consumer Internet
1454;Consumer Internet
1455;Consumer Internet
1456;Food & Beverages
1457;Health & Fitness
1458;Consumer Internet
1459;Consumer Internet
1460;Consumer Internet
1461;Other
1462;Health & Fitness
1463;Technology
1464;Technology
1465;Other
1466;E-commerce
1467;Consumer Internet
1468;Health & Fitness
1469;Technology
1470;E-commerce
1471;Consumer Internet
1472;Consumer Internet
1473;Consumer Internet
1474;Technology
1475;Technology
1476;Consumer Internet
1477;Technology
1478;Technology
1479;Consumer Internet
1480;E-commerce
1481;E-commerce
1482;Consumer Internet
1483;Consumer Internet
1484;E-commerce
1485;E-commerce
1486;Technology
1487;Consumer Internet
1488;Logistics & Supply Chain
1489;Technology
1490;Technology
1491;Logistics & Supply Chain
1492;E-commerce
1493;Technology
1494;Consumer Internet
1495;Technology
1496;Technology
1497;Consumer Internet
1498;Health & Fitness
1499;Consumer Internet
1500;Technology
1501;Consumer Internet
1502;Consumer Internet
1503;Technology
1504;Consumer Internet
1505;Consumer Internet
1506;Technology
1507;E-commerce
1508;Technology
1509;E-commerce
1510;EdTech
1511;E-commerce
1512;Consumer Internet
1513;Technology
1514;Health & Fitness
1515;Technology
1516;Consumer Internet
1517;Consumer Internet
1518;Consumer Internet
1519;Consumer Internet
1520;Consumer Internet
1521;Consumer Internet
1522;Consumer Internet
1523;Consumer Internet
1524;Consumer Internet
1525;Consumer Internet
1526;Consumer Internet
1527;Technology
1528;Consumer Internet
1529;E-commerce
1530;Technology
1531;Consumer Internet
1532;Technology
1533;E-commerce
1534;Consumer Internet
1535;Technology
1536;Technology
1537;E-commerce
1538;Technology
1539;Technology
1540;Technology
1541;E-commerce
1542;E-commerce
1543;Consumer Internet
1544;E-commerce
1545;Consumer Internet
1546;E-commerce
1547;Consumer Internet
1548;EdTech
1549;E-commerce
1550;EdTech
1551;E-commerce
1552;EdTech
1553;Consumer Internet
1554;E-commerce
1555;Consumer Internet
1556;Consumer Internet
1557;Consumer Internet
1558;Technology
1559;E-commerce
1560;Consumer Internet
1561;Consumer Internet
1562;Consumer Internet
1563;E-commerce
1564;Consumer Internet
1565;Consumer Internet
1566;Consumer Internet
1567;E-commerce
1568;Consumer Internet
1569;E-commerce
1570;Consumer Internet
1571;Consumer Internet
1572;Consumer Internet
1573;Consumer Internet
1574;Technology
1575;Consumer Internet
1576;Consumer Internet
1577;E-commerce
1578;Technology
1579;Consumer Internet
1580;Consumer Internet
1581;E-commerce
1582;E-commerce
1583;Consumer Internet
1584;Consumer Internet
1585;Consumer Internet
1586;Technology
1587;Technology
1588;Technology
1589;Technology
1590;Consumer Internet
1591;Consumer Internet
1592;Technology
1593;Consumer Internet
1594;Consumer Internet
1595;Consumer Internet
1596;Consumer Internet
1597;E-commerce
1598;Consumer Internet
1599;Consumer Internet
1600;Technology
1601;E-commerce
1602;E-commerce
1603;Consumer Internet
1604;Consumer Internet
1605;Technology
1606;Consumer Internet
1607;E-commerce
1608;Consumer Internet
1609;E-commerce
1610;EdTech
1611;Food & Beverages
1612;Food & Beverages
1613;EdTech
1614;E-commerce
1615;Consumer Internet
1616;Consumer Internet
1617;Consumer Internet
1618;Consumer Internet
1619;Consumer Internet
1620;Consumer Internet
1621;Food & Beverages
1622;Technology
1623;Consumer Internet
1624;Consumer Internet
1625;Technology
1626;Logistics & Supply Chain
1627;Technology
1628;Consumer Internet
1629;E-commerce
1630;E-commerce
1631;E-commerce
1632;Technology
1633;Consumer Internet
1634;Consumer Internet
1635;Consumer Internet
1636;Consumer Internet
1637;Technology
1638;Consumer Internet
1639;Technology
1640;Technology
1641;Consumer Internet
1642;E-commerce
1643;Technology
1644;Technology
1645;Technology
1646;E-commerce
1647;Consumer Internet
1648;Consumer Internet
1649;Consumer Internet
1650;Fintech
1651;E-commerce
1652;Consumer Internet
1653;Consumer Internet
1654;Technology
1655;Consumer Internet
1656;Consumer Internet
1657;Consumer Internet
1658;Technology
1659;Technology
1660;Consumer Internet
1661;Consumer Internet
1662;Technology
1663;E-commerce
1664;Consumer Internet
1665;Consumer Internet
1666;Consumer Internet
1667;Consumer Internet
1668;Consumer Internet
1669;Consumer Internet
1670;Consumer Internet
1671;Consumer Internet
1672;Consumer Internet
1673;Consumer Internet
1674;E-commerce
1675;Consumer Internet
1676;Consumer Internet
1677;Consumer Internet
1678;E-commerce
1679;E-commerce
1680;Technology
1681;Technology
1682;Food & Beverages
1683;Technology
1684;Consumer Internet
1685;Consumer Internet
1686;Consumer Internet
1687;Consumer Internet
1688;Technology
1689;Consumer Internet
1690;Consumer Internet
1691;Consumer Internet
1692;Consumer Internet
1693;Technology
1694;Consumer Internet
1695;E-commerce
1696;E-commerce
1697;Consumer Internet
1698;Technology
1699;Consumer Internet
1700;E-commerce
1701;Consumer Internet
1702;Consumer Internet
1703;Consumer Internet
1704;Consumer Internet
1705;Technology
1706;Consumer Internet
1707;Consumer Internet
1708;E-commerce
1709;Technology
1710;Technology
1711;Technology
1712;Consumer Internet
1713;Consumer Internet
1714;Consumer Internet
1715;Food & Beverages
1716;Consumer Internet
1717;Logistics & Supply Chain
1718;E-commerce
1719;Consumer Internet
1720;Consumer Internet
1721;Consumer Internet
1722;Technology
1723;Technology
1724;Consumer Internet
1725;Consumer Internet
1726;Technology
1727;Technology
1728;Technology
1729;Technology
1730;Consumer Internet
1731;Consumer Internet
1732;Consumer Internet
1733;E-commerce
1734;Consumer Internet
1735;Consumer Internet
1736;Consumer Internet
1737;Consumer Internet
1738;Consumer Internet
1739;E-commerce
1740;E-commerce
1741;Technology
1742;Consumer Internet
1743;E-commerce
1744;Technology
1745;E-commerce
1746;Consumer Internet
1747;Technology
1748;Consumer Internet
1749;E-commerce
1750;Technology
1751;Consumer Internet
1752;Logistics & Supply Chain
1753;E-commerce
1754;Consumer Internet
1755;Consumer Internet
1756;Consumer Internet
1757;Consumer Internet
1758;Consumer Internet
1759;Consumer Internet
1760;Technology
1761;E-commerce
1762;Consumer Internet
1763;Technology
1764;Consumer Internet
1765;Technology
1766;Logistics & Supply Chain
1767;Consumer Internet
1768;Consumer Internet
1769;Technology
1770;Technology
1771;Consumer Internet
1772;Consumer Internet
1773;Consumer Internet
1774;E-commerce
1775;Consumer Internet
1776;Consumer Internet
1777;Consumer Internet
1778;Technology
1779;Consumer Internet
1780;Consumer Internet
1781;Technology
1782;Consumer Internet
1783;Consumer Internet
1784;Technology
1785;Consumer Internet
1786;Consumer Internet
1787;Consumer Internet
1788;Consumer Internet
1789;Consumer Internet
1790;Consumer Internet
1791;Consumer Internet
1792;Technology
1793;E-commerce
1794;E-commerce
1795;Technology
1796;Consumer Internet
1797;Consumer Internet
1798;E-commerce
1799;Consumer Internet
1800;Technology
1801;E-commerce
1802;Technology
1803;Technology
1804;Consumer Internet
1805;Technology
1806;Technology
1807;Technology
1808;Technology
1809;Consumer Internet
1810;Consumer Internet
1811;Consumer Internet
1812;Consumer Internet
1813;Technology
1814;Consumer Internet
1815;Technology
1816;Technology
1817;Technology
1818;E-commerce
1819;Consumer Internet
1820;Consumer Internet
1821;Consumer Internet
1822;Technology
1823;Technology
1824;E-commerce
1825;Consumer Internet
1826;Consumer Internet
1827;E-commerce
1828;Consumer Internet
1829;Technology
1830;Technology
1831;Consumer Internet
1832;Technology
1833;Real Estate
1834;Technology
1835;Technology
1836;Consumer Internet
1837;Technology
1838;Technology
1839;Technology
1840;Consumer Internet
1841;Consumer Internet
1842;Technology
1843;E-commerce
1844;Health & Fitness
1845;E-commerce
1846;Consumer Internet
1847;Technology
1848;Consumer Internet
1849;Technology
1850;Consumer Internet
1851;Technology
1852;E-commerce
1853;Fintech
1854;E-commerce
1855;E-commerce
1856;Consumer Internet
1857;Technology
1858;Technology
1859;Consumer Internet
1860;Consumer Internet
1861;Consumer Internet
1862;Consumer Internet
1863;Consumer Internet
1864;Technology
1865;Consumer Internet
1866;Consumer Internet
1867;Technology
1868;Consumer Internet
1869;Consumer Internet
1870;Technology
1871;Consumer Internet
1872;E-commerce
1873;Consumer Internet
1874;Consumer Internet
1875;E-commerce
1876;Consumer Internet
1877;E-commerce
1878;Consumer Internet
1879;Consumer Internet
1880;Consumer Internet
1881;Consumer Internet
1882;Consumer Internet
1883;Consumer Internet
1884;Consumer Internet
1885;E-commerce
1886;Consumer Internet
1887;Logistics & Supply Chain
1888;Consumer Internet
1889;Consumer Internet
1890;Consumer Internet
1891;E-commerce
1892;Consumer Internet
1893;Technology
1894;Consumer Internet
1895;Technology
1896;Consumer Internet
1897;Consumer Internet
1898;Technology
1899;Consumer Internet
1900;Technology
1901;Consumer Internet
1902;E-commerce
1903;Health & Fitness
1904;Consumer Internet
1905;Consumer Internet
1906;Consumer Internet
1907;Technology
1908;Technology
1909;Consumer Internet
1910;Consumer Internet
1911;Logistics & Supply Chain
1912;Technology
1913;Consumer Internet
1914;Consumer Internet
1915;Consumer Internet
1916;Consumer Internet
1917;Health & Fitness
1918;E-commerce
1919;Technology
1920;Consumer Internet
1921;Consumer Internet
1922;E-commerce
1923;Consumer Internet
1924;Consumer Internet
1925;Technology
1926;Consumer Internet
1927;Consumer Internet
1928;Technology
1929;E-commerce
1930;Technology
1931;Consumer Internet
1932;E-commerce
1933;Consumer Internet
1934;Consumer Internet
1935;Technology
1936;Technology
1937;Consumer Internet
1938;Technology
1939;Consumer Internet
1940;E-commerce
1941;Technology
1942;Consumer Internet
1943;E-commerce
1944;Consumer Internet
1945;E-commerce
1946;Consumer Internet
1947;E-commerce
1948;Consumer Internet
1949;Technology
1950;Technology
1951;Consumer Internet
1952;Consumer Internet
1953;Technology
1954;E-commerce
1955;Consumer Internet
1956;Technology
1957;Technology
1958;Consumer Internet
1959;EdTech
1960;Consumer Internet
1961;Health & Fitness
1962;Technology
1963;Consumer Internet
1964;Food & Beverages
1965;Technology
1966;Technology
1967;Technology
1968;Consumer Internet
1969;Consumer Internet
1970;Consumer Internet
1971;Consumer Internet
1972;Technology
1973;Health & Fitness
1974;Consumer Internet
1975;Consumer Internet
1976;Health & Fitness
1977;Technology
1978;E-commerce
1979;Consumer Internet
1980;Technology
1981;Consumer Internet
1982;E-commerce
1983;Technology
1984;Consumer Internet
1985;E-commerce
1986;Logistics & Supply Chain
1987;Consumer Internet
1988;Technology
1989;Consumer Internet
1990;Consumer Internet
1991;E-commerce
1992;Consumer Internet
1993;Consumer Internet
1994;Consumer Internet
1995;Consumer Internet
1996;Technology
1997;Food & Beverages
1998;Food & Beverages
1999;Consumer Internet
2000;Consumer Internet
2001;Consumer Internet
2002;Technology
2003;Technology
2004;Technology
2005;Technology
2006;Consumer Internet
2007;E-commerce
2008;Consumer Internet
2009;Food & Beverages
2010;Consumer Internet
2011;Consumer Internet
2012;Health & Fitness
2013;Consumer Internet
2014;Consumer Internet
2015;Consumer Internet
2016;Consumer Internet
2017;Technology
2018;Consumer Internet
2019;E-commerce
2020;Consumer Internet
2021;Consumer Internet
2022;Technology
2023;Technology
2024;Consumer Internet
2025;Consumer Internet
2026;Consumer Internet
2027;Consumer Internet
2028;Consumer Internet
2029;E-commerce
2030;Technology
2031;Logistics & Supply Chain
2032;Consumer Internet
2033;Consumer Internet
2034;Consumer Internet
2035;Technology
2036;Consumer Internet
2037;Consumer Internet
2038;Consumer Internet
2039;Consumer Internet
2040;Technology
2041;Consumer Internet
2042;E-commerce
2043;Consumer Internet
2044;Technology
2045;Food & Beverages
2046;Technology
2047;Technology
2048;Technology
2049;Technology
2050;Technology
2051;Technology
2052;Consumer Internet
2053;E-commerce
2054;Consumer Internet
2055;Technology
2056;Consumer Internet
2057;E-commerce
2058;Technology
2059;Consumer Internet
2060;Technology
2061;Consumer Internet
2062;E-commerce
2063;Technology
2064;Technology
2065;Technology
2066;Technology
2067;E-commerce
2068;Consumer Internet
2069;Consumer Internet
2070;E-commerce
2071;E-commerce
2072;E-commerce
2073;Consumer Internet
2074;Food & Beverages
2075;E-commerce
2076;Logistics & Supply Chain
2077;Consumer Internet
2078;E-commerce
2079;Consumer Internet
2080;Consumer Internet
2081;Consumer Internet
2082;Consumer Internet
2083;Fintech
2084;Consumer Internet
2085;Consumer Internet
2086;Consumer Internet
2087;Technology
2088;E-commerce
2089;Logistics & Supply Chain
2090;Consumer Internet
2091;Consumer Internet
2092;Consumer Internet
2093;E-commerce
2094;Consumer Internet
2095;Technology
2096;E-commerce
2097;Consumer Internet
2098;Consumer Internet
2099;E-commerce
2100;Consumer Internet
2101;Consumer Internet
2102;Consumer Internet
2103;Consumer Internet
2104;Consumer Internet
2105;Consumer Internet
2106;Consumer Internet
2107;Consumer Internet
2108;Consumer Internet
2109;Technology
2110;Technology
2111;Consumer Internet
2112;Consumer Internet
2113;Consumer Internet
2114;Consumer Internet
2115;Consumer Internet
2116;Health & Fitness
2117;Consumer Internet
2118;Consumer Internet
2119;Technology
2120;Technology
2121;Technology
2122;Consumer Internet
2123;Consumer Internet
2124;Consumer Internet
2125;Consumer Internet
2126;E-commerce
2127;Consumer Internet
2128;Technology
2129;E-commerce
2130;Consumer Internet
2131;Health & Fitness
2132;Technology
2133;Technology
2134;Consumer Internet
2135;Consumer Internet
2136;E-commerce
2137;Consumer Internet
2138;Technology
2139;Technology
2140;Consumer Internet
2141;Technology
2142;Consumer Internet
2143;Consumer Internet
2144;Consumer Internet
2145;Consumer Internet
2146;Technology
2147;E-commerce
2148;Consumer Internet
2149;Consumer Internet
2150;Consumer Internet
2151;E-commerce
2152;Consumer Internet
2153;Consumer Internet
2154;Consumer Internet
2155;Consumer Internet
2156;Technology
2157;Technology
2158;Consumer Internet
2159;Consumer Internet
2160;Technology
2161;E-commerce
2162;E-commerce
2163;E-commerce
2164;Consumer Internet
2165;Technology
2166;Consumer Internet
2167;Consumer Internet
2168;Consumer Internet
2169;Technology
2170;Consumer Internet
2171;Consumer Internet
2172;Consumer Internet
2173;Technology
2174;Logistics & Supply Chain
2175;Technology
2176;Technology
2177;Technology
2178;E-commerce
2179;Technology
2180;Technology
2181;Consumer Internet
2182;Consumer Internet
2183;Technology
2184;Consumer Internet
2185;Consumer Internet
2186;Technology
2187;Technology
2188;E-commerce
2189;E-commerce
2190;Technology
2191;Consumer Internet
2192;Consumer Internet
2193;Consumer Internet
2194;Other
2195;Consumer Internet
2196;Consumer Internet
2197;E-commerce
2198;Consumer Internet
2199;Consumer Internet
2200;Consumer Internet
2201;Technology
2202;Technology
2203;Consumer Internet
2204;Consumer Internet
2205;Consumer Internet
2206;Logistics & Supply Chain
2207;Consumer Internet
2208;Consumer Internet
2209;Consumer Internet
2210;Technology
2211;E-commerce
2212;Logistics & Supply Chain
2213;Health & Fitness
2214;Technology
2215;Consumer Internet
2216;Logistics & Supply Chain
2217;Technology
2218;Consumer Internet
2219;Consumer Internet
2220;E-commerce
2221;Technology
2222;Consumer Internet
2223;Technology
2224;Consumer Internet
2225;Consumer Internet
2226;E-commerce
2227;Technology
2228;Consumer Internet
2229;Consumer Internet
2230;Consumer Internet
2231;Consumer Internet
2232;Technology
2233;E-commerce
2234;Technology
2235;Technology
2236;Technology
2237;Consumer Internet
2238;Consumer Internet
2239;Technology
2240;Consumer Internet
2241;Technology
2242;Technology
2243;Consumer Internet
2244;Technology
2245;E-commerce
2246;Consumer Internet
2247;Consumer Internet
2248;Technology
2249;Consumer Internet
2250;Technology
2251;Consumer Internet
2252;Consumer Internet
2253;Health & Fitness
2254;E-commerce
2255;Consumer Internet
2256;Consumer Internet
2257;Consumer Internet
2258;Consumer Internet
2259;E-commerce
2260;E-commerce
2261;Consumer Internet
2262;Technology
2263;Logistics & Supply Chain
2264;Consumer Internet
2265;E-commerce
2266;Technology
2267;Consumer Internet
2268;Technology
2269;Consumer Internet
2270;Consumer Internet
2271;Consumer Internet
2272;Technology
2273;Consumer Internet
2274;Technology
2275;Platforms & Social Media
2276;Consumer Internet
2277;E-commerce
2278;Technology
2279;Technology
2280;Health & Fitness
2281;Fintech
2282;Consumer Internet
2283;Consumer Internet
2284;E-commerce
2285;E-commerce
2286;Technology
2287;Consumer Internet
2288;Technology
2289;Consumer Internet
2290;Technology
2291;Consumer Internet
2292;Consumer Internet
2293;Consumer Internet
2294;Consumer Internet
2295;Consumer Internet
2296;Technology
2297;Consumer Internet
2298;Consumer Internet
2299;Consumer Internet
2300;Consumer Internet
2301;Technology
2302;Technology
2303;Fintech
2304;Technology
2305;E-commerce
2306;Technology
2307;Consumer Internet
2308;Technology
2309;Technology
2310;Technology
2311;E-commerce
2312;Technology
2313;Technology
2314;Technology
2315;Technology
2316;Fintech
2317;E-commerce
2318;Technology
2319;Technology
2320;Technology
2321;Technology
2322;Technology
2323;E-commerce
2324;E-commerce
2325;Technology
2326;Technology
2327;Health & Fitness
2328;Technology
2329;Other
2330;Technology
2331;Other
2332;Technology
2333;Technology
2334;Technology
2335;Technology
2336;Technology
2337;Technology
2338;Health & Fitness
2339;Technology
2340;Fintech
2341;Technology
2342;Entertainment
2343;Fintech
2344;Technology
2345;Fintech
2346;Technology
2347;Technology
2348;Other
2349;Technology
2350;Health & Fitness
2351;Technology
2352;E-commerce
2353;Technology
2354;Technology
2355;Technology
2356;Technology
2357;Technology
2358;Technology
2359;E-commerce
2360;Technology
2361;Technology
2362;Technology
2363;E-commerce
2364;Technology
2365;Technology
2366;E-commerce
2367;Technology
2368;E-commerce
2369;E-commerce
2370;Technology
2371;Technology
2372;Technology
2373;Technology
2374;Technology
2375;Fintech
2376;Technology
2377;E-commerce
2378;E-commerce
2379;E-commerce
2380;E-commerce
2381;Technology
2382;Consumer Internet
2383;Food & Beverages
2384;Technology
2385;Fintech
2386;E-commerce
2387;Other
2388;Health & Fitness
2389;Consumer Internet
2390;Consumer Internet
2391;Health & Fitness
2392;Food & Beverages
2393;E-commerce
2394;Health & Fitness
2395;Consumer Internet
2396;Fintech
2397;Entertainment
2398;Health & Fitness
2399;Health & Fitness
2400;Consumer Internet
2401;Technology
2402;Fintech
2403;Consumer Internet
2404;E-commerce
2405;Food & Beverages
2406;Technology
2407;EdTech
2408;EdTech
2409;EdTech
2410;Technology
2411;Hospitality
2412;Consumer Internet
2413;E-commerce
2414;Fintech
2415;Fintech
2416;Fintech
2417;Food & Beverages
2418;E-commerce
2419;IT
2420;Health & Fitness
2421;Technology
2422;EdTech
2423;Technology
2424;Technology
2425;Technology
2426;Technology
2427;IT
2428;Health & Fitness
2429;Consumer Internet
2430;Consumer Internet
2431;E-commerce
2432;Consumer Internet
2433;Technology
2434;Consumer Internet
2435;Health & Fitness
2436;Health & Fitness
2437;Consumer Internet
2438;Technology
2439;Technology
2440;Consumer Internet
2441;Consumer Internet
2442;Consumer Internet
2443;Consumer Internet
2444;Technology
2445;Consumer Internet
2446;Consumer Internet
2447;Consumer Internet
2448;Consumer Internet
2449;Health & Fitness
2450;Technology
2451;Consumer Internet
2452;Consumer Internet
2453;Technology
2454;Consumer Internet
2455;Technology
2456;Technology
2457;Consumer Internet
2458;Media
2459;Technology
2460;Technology
2461;Fintech
2462;Consumer Internet
2463;Consumer Internet
2464;Technology
2465;Technology
2466;Consumer Internet
2467;Fintech
2468;EdTech
2469;EdTech
2470;Fintech
2471;Consumer Internet
2472;Technology
2473;EdTech
2474;Fintech
2475;Consumer Internet
2476;Health & Fitness
2477;Fintech
2478;Fintech
2479;Consumer Internet
2480;Health & Fitness
2481;Consumer Internet
2482;Consumer Internet
2483;Health & Fitness
2484;Technology
2485;Health & Fitness
2486;Health & Fitness
2487;Consumer Internet
2488;Fintech
2489;Fintech
2490;Consumer Internet
2491;Technology
2492;Consumer Internet
2493;Consumer Internet
2494;Consumer Internet
2495;Consumer Internet
2496;Fintech
2497;Fintech
2498;Consumer Internet
2499;IT
2500;Consumer Internet
2501;Technology
2502;Consumer Internet
2503;Consumer Internet
2504;Health & Fitness
2505;Technology
2506;Technology
2507;Fintech
2508;Consumer Internet
2509;E-commerce
2510;Fintech
2511;EdTech
2512;IT
2513;Consumer Internet
2514;Health & Fitness
2515;Consumer Internet
2516;Technology
2517;Consumer Internet
2518;Consumer Internet
2519;Fintech
2520;Technology
2521;E-commerce
2522;Fintech
2523;Health & Fitness
2524;Fintech
2525;Consumer Internet
2526;Fintech
2527;Health & Fitness
2528;Fintech
2529;E-commerce
2530;Consumer Internet
2531;Health & Fitness
2532;Fintech
2533;Consumer Internet
2534;Consumer Internet
2535;Technology
2536;Health & Fitness
2537;IT
2538;EdTech
2539;Consumer Internet
2540;Consumer Internet
2541;Consumer Internet
2542;Consumer Internet
2543;Fintech
2544;Technology
2545;Health & Fitness
2546;Technology
2547;Technology
2548;EdTech
2549;Technology
2550;Technology
2551;Consumer Internet
2552;IT
2553;Consumer Internet
2554;Consumer Internet
2555;Consumer Internet
2556;Consumer Internet
2557;Consumer Internet
2558;Health & Fitness
2559;Fintech
2560;Consumer Internet
2561;Consumer Internet
2562;IT
2563;Health & Fitness
2564;Health & Fitness
2565;Fintech
2566;Consumer Internet
2567;Consumer Internet
2568;Consumer Internet
2569;Consumer Internet
2570;Consumer Internet
2571;Technology
2572;Technology
2573;EdTech
2574;Consumer Internet
2575;Fintech
2576;Consumer Internet
2577;Technology
2578;IT
2579;Technology
2580;Fintech
2581;Consumer Internet
2582;Consumer Internet
2583;Fintech
2584;Health & Fitness
2585;Food & Beverages
2586;Fintech
2587;Consumer Internet
2588;Consumer Internet
2589;Consumer Internet
2590;Consumer Internet
2591;Consumer Internet
2592;Consumer Internet
2593;Consumer Internet
2594;Consumer Internet
2595;EdTech
2596;Fintech
2597;Consumer Internet
2598;Technology
2599;Consumer Internet
2600;Consumer Internet
2601;Fintech
2602;Consumer Internet
2603;Technology
2604;Consumer Internet
2605;Consumer Internet
2606;Health & Fitness
2607;IT
2608;Fintech
2609;Consumer Internet
2610;Platforms & Social Media
2611;Consumer Internet
2612;Health & Fitness
2613;Consumer Internet
2614;Consumer Internet
2615;Technology
2616;Consumer Internet
2617;Health & Fitness
2618;Technology
2619;Consumer Internet
2620;Fintech
2621;Fintech
2622;Food & Beverages
2623;Technology
2624;E-commerce
2625;Fintech
2626;Technology
2627;Technology
2628;Technology
2629;Technology
2630;Fintech
2631;Technology
2632;Technology
2633;Technology
2634;Technology
2635;Consumer Internet
2636;Technology
2637;Fintech
2638;E-commerce
2639;Fintech
2640;EdTech
2641;Fintech
2642;E-commerce
2643;Technology
2644;Health & Fitness
2645;Health & Fitness
2646;Consumer Internet
2647;Health & Fitness
2648;Technology
2649;Technology
2650;Technology
2651;Health & Fitness
2652;Technology
2653;Food & Beverages
2654;Other
2655;E-commerce
2656;Gaming
2657;Food & Beverages
2658;Food & Beverages
2659;Transportation
2660;SaaS
2661;IT
2662;Health & Fitness
2663;EdTech
2664;Fintech
2665;Platforms & Social Media
2666;Fintech
2667;SaaS
2668;Fintech
2669;Platforms & Social Media
2670;Platforms & Social Media
2671;Other
2672;EdTech
2673;Marketplace
2674;Platforms & Social Media
2675;Other
2676;E-commerce
2677;Automotive
2678;Health & Fitness
2679;Fintech
2680;AI
2681;Other
2682;E-commerce
2683;IT
2684;E-commerce
2685;EdTech
2686;E-commerce
2687;EdTech
2688;Fintech
2689;SaaS
2690;E-commerce
2691;Health & Fitness
2692;Platforms & Social Media
2693;Fintech
2694;Transportation
2695;Technology
2696;E-commerce
2697;E-commerce
2698;Transportation
2699;SaaS
2700;E-commerce
2701;Transportation
2702;Consulting
2703;Automotive
2704;Food & Beverages
2705;E-commerce
2706;Food & Beverages
2707;E-commerce
2708;Fintech
2709;Technology
2710;Food & Beverages
2711;Fintech
2712;Consulting
2713;SaaS
2714;E-commerce
2715;Food & Beverages
2716;Energy
2717;Platforms & Social Media
2718;Fintech
2719;Transportation
2720;Platforms & Social Media
2721;Fintech
2722;Consulting
2723;AI
2724;Fintech
2725;IT
2726;Transportation
2727;Food & Beverages
2728;EdTech
2729;Fashion
2730;Other
2731;Technology
2732;Technology
2733;Health & Fitness
2734;E-commerce
2735;E-commerce
2736;Fintech
2737;Retail
2738;Fintech
2739;IT
2740;E-commerce
2741;E-commerce
2742;Platforms & Social Media
2743;SaaS
2744;E-commerce
2745;Food & Beverages
2746;Fintech
2747;Automotive
2748;SaaS
2749;Fintech
2750;EdTech
2751;Transportation
2752;Other
2753;Fintech
2754;Consulting
2755;SaaS
2756;IT
2757;IT
2758;Consulting
2759;Health & Fitness
2760;Fintech
2761;Transportation
2762;Entertainment
2763;SaaS
2764;EdTech
2765;Health & Fitness
2766;Consulting
2767;Transportation
2768;Food & Beverages
2769;Health & Fitness
2770;Health & Fitness
2771;E-commerce
2772;EdTech
2773;Fintech
2774;SaaS
2775;Fintech
2776;E-commerce
2777;Gaming
2778;Technology
2779;Technology
2780;Entertainment
2781;E-commerce
2782;Fintech
2783;Food & Beverages
2784;E-commerce
2785;IT
2786;Automotive
2787;Fintech
2788;Automotive
2789;Transportation
2790;SaaS
2791;Marketplace
2792;EdTech
2793;EdTech
2794;Fintech
2795;SaaS
2796;Marketplace
2797;SaaS
2798;Fintech
2799;Fashion
2800;Fintech
2801;EdTech
2802;Fintech
2803;SaaS
2804;Fintech
2805;Food & Beverages
2806;Automotive
2807;IT
2808;Food & Beverages
2809;IT
2810;Food & Beverages
2811;Other
2812;Fintech
2813;AI
2814;AI
2815;Health & Fitness
2816;Health & Fitness
2817;Health & Fitness
2818;Fintech
2819;EdTech
2820;Marketplace
2821;Consulting
2822;EdTech
2823;Fintech
2824;E-commerce
2825;Automotive
2826;IT
2827;Other
2828;Food & Beverages
2829;Food & Beverages
2830;Food & Beverages
2831;Platforms & Social Media
2832;AI
2833;Fintech
2834;E-commerce
2835;Platforms & Social Media
2836;SaaS
2837;Technology
2838;EdTech
2839;Health & Fitness
2840;Consulting
2841;Fintech
2842;EdTech
2843;E-commerce
2844;Other
2845;E-commerce
2846;Other
2847;Food & Beverages
2848;EdTech
2849;Health & Fitness
2850;SaaS
2851;Food & Beverages
2852;Logistics & Supply Chain
2853;SaaS
2854;EdTech
2855;Fashion
2856;Other
2857;Fintech
2858;Logistics & Supply Chain
2859;Agritech
2860;Fintech
2861;Automotive
2862;Fashion
2863;EdTech
2864;Health & Fitness
2865;Transportation
2866;Other
2867;Automotive
2868;AI
2869;IT
2870;Media
2871;Fintech
2872;Other
2873;Technology
2874;Fintech
2875;Entertainment
2876;EdTech
2877;E-commerce
2878;Automotive
2879;Fintech
2880;Health & Fitness
2881;Food & Beverages
2882;EdTech
2883;Other
2884;Logistics & Supply Chain
2885;Fintech
2886;Transportation
2887;SaaS
2888;EdTech
2889;EdTech
2890;Platforms & Social Media
2891;Transportation
2892;EdTech
2893;Other
2894;Health & Fitness
2895;IT
2896;SaaS
2897;Other
2898;Fintech
2899;Fintech
2900;Agritech
2901;Fintech
2902;E-commerce
2903;Other
2904;Consulting
2905;EdTech
2906;Food & Beverages
2907;Technology
2908;Marketplace
2909;Marketplace
2910;Agritech
2911;Consulting
2912;Media
2913;Agritech
2914;Media
2915;Agritech
2916;EdTech
2917;Media
2918;Fintech
2919;Fashion
2920;Fintech
2921;Hospitality
2922;SaaS
2923;EdTech
2924;EdTech
2925;Automotive
2926;EdTech
2927;Food & Beverages
2928;Health & Fitness
2929;Fintech
2930;Health & Fitness
2931;EdTech
2932;SaaS
2933;IT
2934;Automotive
2935;Health & Fitness
2936;Marketplace
2937;Fintech
2938;Food & Beverages
2939;Fintech
2940;Media
2941;E-commerce
2942;Automotive
2943;EdTech
2944;SaaS
2945;Fintech
2946;IT
2947;Fintech
2948;Fintech
2949;IT
2950;Platforms & Social Media
2951;Technology
2952;EdTech
2953;Real Estate
2954;Fintech
2955;IT
2956;Fintech
2957;Food & Beverages
2958;SaaS
2959;E-commerce
2960;EdTech
2961;E-commerce
2962;Marketplace
2963;Food & Beverages
2964;AI
2965;Agritech
2966;Fintech
2967;Food & Beverages
2968;Health & Fitness
2969;Other
2970;Platforms & Social Media
2971;Real Estate
2972;Automotive
2973;E-commerce
2974;Fintech
2975;Fintech
2976;EdTech
2977;Other
2978;Hospitality
2979;EdTech
2980;Technology
2981;E-commerce
2982;Health & Fitness
2983;AI
2984;Platforms & Social Media
2985;Other
2986;Fintech
2987;Consulting
2988;Health & Fitness
2989;Fintech
2990;Food & Beverages
2991;Fintech
2992;E-commerce
2993;EdTech
2994;Logistics & Supply Chain
2995;EdTech
2996;IT
2997;Fintech
2998;IT
2999;Agritech
3000;Other
3001;Fintech
3002;EdTech
3003;Real Estate
3004;Food & Beverages
3005;Fintech
3006;SaaS
3007;SaaS
3008;Other
3009;AI
3010;Fintech
3011;Health & Fitness
3012;Food & Beverages
3013;Fintech
3014;Logistics & Supply Chain
3015;Technology
3016;Fintech
3017;Fintech
3018;EdTech
3019;Food & Beverages
3020;Gaming
3021;EdTech
3022;Fintech
3023;Food & Beverages
3024;Food & Beverages
3025;Logistics & Supply Chain
3026;Consulting
3027;Fintech
3028;SaaS
3029;E-commerce
3030;Fintech
3031;Other
3032;EdTech
3033;Health & Fitness
3034;Agritech
3035;E-commerce
3036;Fintech
3037;Other
3038;EdTech
3039;Logistics & Supply Chain
3040;AI
3041;Fintech
3042;Fintech
3043;Health & Fitness
3044;AI
3045;Other
3046;Fintech
3047;Media
3048;Other
3049;Fintech
3050;Fintech
3051;EdTech
3052;Other
3053;Agritech
3054;EdTech
3055;Fintech
3056;Other
3057;Health & Fitness
3058;Fintech
3059;Other
3060;Automotive
3061;Logistics & Supply Chain
3062;SaaS
3063;Other
3064;Other
3065;SaaS
3066;Other
3067;AI
3068;E-commerce
3069;Health & Fitness
3070;Health & Fitness
3071;Fintech
3072;IT
3073;Logistics & Supply Chain
3074;AI
3075;Agritech
3076;Fintech
3077;SaaS
3078;Fintech
3079;Gaming
3080;Logistics & Supply Chain
3081;Health & Fitness
3082;Media
3083;Media
3084;Food & Beverages
3085;Health & Fitness
3086;Other
3087;Logistics & Supply Chain
3088;Health & Fitness
3089;Media
3090;Real Estate
3091;EdTech
3092;EdTech
3093;Health & Fitness
3094;Platforms & Social Media
3095;Health & Fitness
3096;Food & Beverages
3097;E-commerce
3098;EdTech
3099;Gaming
3100;Health & Fitness
3101;Health & Fitness
3102;Fintech
3103;Health & Fitness
3104;Other
3105;Transportation
3106;Marketplace
3107;IT
3108;Food & Beverages
3109;Health & Fitness
3110;AI
3111;EdTech
3112;Fintech
3113;Health & Fitness
3114;Fintech
3115;E-commerce
3116;IT
3117;Other
3118;EdTech
3119;SaaS
3120;Food & Beverages
3121;SaaS
3122;AI
3123;Technology
3124;Agritech
3125;AI
3126;Fintech
3127;Consulting
3128;Health & Fitness
3129;Transportation
3130;EdTech
3131;Gaming
3132;Other
3133;Agritech
3134;Food & Beverages
3135;E-commerce
3136;Fintech
3137;Other
3138;AI
3139;SaaS
3140;Other
3141;Transportation
3142;Health & Fitness
3143;SaaS
3144;Food & Beverages
3145;Technology
3146;Food & Beverages
3147;Media
3148;Media
3149;Hospitality
3150;Health & Fitness
3151;Health & Fitness
3152;E-commerce
3153;Gaming
3154;Platforms & Social Media
3155;EdTech
3156;Fintech
3157;Technology
3158;Fintech
3159;Media
3160;Energy
3161;EdTech
3162;Food & Beverages
3163;SaaS
3164;Platforms & Social Media
3165;Consulting
3166;Agritech
3167;Fintech
3168;Marketplace
3169;EdTech
3170;Fashion
3171;Food & Beverages
3172;Health & Fitness
3173;EdTech
3174;Other
3175;Agritech
3176;IT
3177;EdTech
3178;IT
3179;IT
3180;EdTech
3181;Fashion
3182;EdTech
3183;Fintech
3184;IT
3185;Fintech
3186;IT
3187;Health & Fitness
3188;E-commerce
3189;Technology
3190;Other
3191;SaaS
3192;Food & Beverages
3193;Food & Beverages
3194;EdTech
3195;Automotive
3196;IT
3197;Automotive
3198;Health & Fitness
3199;Consulting
3200;EdTech
3201;Fintech
3202;Real Estate
3203;E-commerce
3204;Agritech
3205;Fintech
3206;Food & Beverages
3207;EdTech
3208;Food & Beverages
3209;Fashion
3210;IT
3211;Automotive
3212;Media
3213;Other
3214;AI
3215;IT
3216;EdTech
3217;Marketplace
3218;Fintech
3219;IT
3220;Fintech
3221;Health & Fitness
3222;IT
3223;Fintech
3224;Food & Beverages
3225;E-commerce
3226;E-commerce
3227;Entertainment
3228;Health & Fitness
3229;AI
3230;EdTech
3231;EdTech
3232;Fintech
3233;Fashion
3234;Health & Fitness
3235;Technology
3236;Other
3237;Entertainment
3238;Health & Fitness
3239;EdTech
3240;Technology
3241;Other
3242;Energy
3243;Fashion
3244;Platforms & Social Media
3245;E-commerce
3246;Technology
3247;AI
3248;SaaS
3249;Media
3250;Gaming
3251;EdTech
3252;Fintech
3253;AI
3254;Health & Fitness
3255;Platforms & Social Media
3256;AI
3257;Food & Beverages
3258;IT
3259;EdTech
3260;Platforms & Social Media
3261;Logistics & Supply Chain
3262;EdTech
3263;IT
3264;Food & Beverages
3265;Technology
3266;Consulting
3267;Health & Fitness
3268;Fintech
3269;Fintech
3270;EdTech
3271;Media
3272;IT
3273;Media
3274;Fintech
3275;Other
3276;IT
3277;EdTech
3278;Agritech
3279;Fintech
3280;Fashion
3281;Food & Beverages
3282;AI
3283;Fintech
3284;Fintech
3285;AI
3286;IT
3287;Media
3288;Media
3289;AI
3290;AI
3291;SaaS
3292;Consulting
3293;IT
3294;Technology
3295;Agritech
3296;Other
3297;Health & Fitness
3298;E-commerce
3299;Technology
3300;Technology
3301;EdTech
3302;E-commerce
3303;Health & Fitness
3304;Automotive
3305;EdTech
3306;EdTech
3307;EdTech
3308;SaaS
3309;Fintech
3310;E-commerce
3311;Food & Beverages
3312;Health & Fitness
3313;Food & Beverages
3314;E-commerce
3315;E-commerce
3316;Health & Fitness
3317;Technology
3318;Other
3319;Fintech
3320;Agritech
3321;E-commerce
3322;Health & Fitness
3323;AI
3324;Technology
3325;Entertainment
3326;Entertainment
3327;Technology
3328;Agritech
3329;SaaS
3330;Technology
3331;EdTech
3332;Entertainment
3333;Energy
3334;E-commerce
3335;Automotive
3336;Fintech
3337;Technology
3338;Fintech
3339;Entertainment
3340;SaaS
3341;SaaS
3342;Fintech
3343;Fintech
3344;SaaS
3345;Health & Fitness
3346;EdTech
3347;Technology
3348;Fashion
3349;Consulting
3350;SaaS
3351;Platforms & Social Media
3352;AI
3353;Other
3354;Fintech
3355;Fashion
3356;IT
3357;Hospitality
3358;Platforms & Social Media
3359;Entertainment
3360;Entertainment
3361;Entertainment
3362;Technology
3363;SaaS
3364;IT
3365;Consulting
3366;Automotive
3367;Food & Beverages
3368;Health & Fitness
3369;Entertainment
3370;Technology
3371;Technology
3372;Fintech
3373;Health & Fitness
3374;EdTech
3375;E-commerce
3376;EdTech
3377;Technology
3378;Technology
3379;Health & Fitness
3380;Fintech
3381;Food & Beverages
3382;EdTech
3383;Automotive
3384;EdTech
3385;Fashion
3386;Fintech
3387;Other
3388;EdTech
3389;Fintech
3390;Platforms & Social Media
3391;Fintech
3392;Technology
3393;Technology
3394;EdTech
3395;Platforms & Social Media
3396;Real Estate
3397;Fintech
3398;Other
3399;IT
3400;Gaming
3401;SaaS
3402;Other
3403;Other
3404;Food & Beverages
3405;Technology
3406;Platforms & Social Media
3407;Agritech
3408;SaaS
3409;Entertainment
3410;SaaS
3411;Agritech
3412;Fashion
3413;Fintech
3414;Health & Fitness
3415;Other
3416;Agritech
3417;Logistics & Supply Chain
3418;Fintech
3419;EdTech
3420;Food & Beverages
3421;Platforms & Social Media
3422;Other
3423;Energy
3424;IT
3425;SaaS
3426;EdTech
3427;Food & Beverages
3428;Energy
3429;Automotive
3430;Technology
3431;Health & Fitness
3432;Entertainment
3433;SaaS
3434;E-commerce
3435;Fintech
3436;Fintech
3437;EdTech
3438;Automotive
3439;Food & Beverages
3440;Fintech
3441;EdTech
3442;EdTech
3443;SaaS
3444;Entertainment
3445;SaaS
3446;Technology
3447;Fintech
3448;Fintech
3449;EdTech
3450;Food & Beverages
3451;Consulting
3452;Gaming
3453;Platforms & Social Media
3454;Hospitality
3455;Platforms & Social Media
3456;Platforms & Social Media
3457;Fintech
3458;Fintech
3459;AI
3460;Food & Beverages
3461;SaaS
3462;Retail
3463;IT
3464;Health & Fitness
3465;Transportation
3466;Platforms & Social Media
3467;Fintech
3468;Technology
3469;Fintech
3470;Technology
3471;Other
3472;Fintech
3473;EdTech
3474;EdTech
3475;Health & Fitness
3476;Entertainment
3477;Health & Fitness
3478;SaaS
3479;Fintech
3480;Health & Fitness
3481;EdTech
3482;E-commerce
3483;Food & Beverages
3484;AI
3485;EdTech
3486;Health & Fitness
3487;AI
3488;Gaming
3489;Fintech
3490;Health & Fitness
3491;E-commerce
3492;Gaming
3493;Fintech
3494;Food & Beverages
3495;Other
3496;Health & Fitness
3497;IT
3498;SaaS
3499;Health & Fitness
3500;Technology
3501;SaaS
3502;Fintech
3503;E-commerce
3504;Health & Fitness
3505;Health & Fitness
3506;Fintech
3507;Fintech
3508;Health & Fitness
3509;SaaS
3510;E-commerce
3511;Fintech
3512;Health & Fitness
3513;Agritech
3514;Other
3515;Entertainment
3516;EdTech
3517;Retail
3518;Food & Beverages
3519;Health & Fitness
3520;EdTech
3521;E-commerce
3522;Platforms & Social Media
3523;Automotive
3524;SaaS
3525;Fintech
3526;Fashion
3527;EdTech
3528;Food & Beverages
3529;Technology
3530;Automotive
3531;EdTech
3532;EdTech
3533;IT
3534;E-commerce
3535;Consulting
3536;Health & Fitness
3537;Other
3538;Platforms & Social Media
3539;Food & Beverages
3540;EdTech
3541;EdTech
3542;AI
3543;Logistics & Supply Chain
3544;Gaming
3545;AI
3546;Hospitality
3547;Agritech
3548;EdTech
3549;Health & Fitness
3550;Fintech
3551;Agritech
3552;Agritech
3553;EdTech
3554;Platforms & Social Media
3555;Fintech
3556;Platforms & Social Media
3557;Food & Beverages
3558;Health & Fitness
3559;Fashion
3560;Food & Beverages
3561;Food & Beverages
3562;Food & Beverages
3563;IT
3564;E-commerce
3565;Fintech
3566;Fintech
3567;Gaming
3568;Fintech
3569;Consulting
3570;Fintech
3571;Fintech
3572;AI
3573;IT
3574;Food & Beverages
3575;E-commerce
3576;Agritech
3577;Logistics & Supply Chain
3578;Fintech
3579;EdTech
3580;Technology
3581;Entertainment
3582;E-commerce
3583;E-commerce
3584;Retail
3585;Health & Fitness
3586;Other
3587;Fintech
3588;IT
3589;SaaS
3590;Fintech
3591;Energy
3592;Fintech
3593;EdTech
3594;IT
3595;SaaS
3596;Fintech
3597;Health & Fitness
3598;Health & Fitness
3599;Other
3600;Consulting
3601;Other
3602;Fintech
3603;EdTech
3604;Other
3605;Logistics & Supply Chain
3606;Fintech
3607;Fintech
3608;Agritech
3609;Technology
3610;Energy
3611;SaaS
3612;Platforms & Social Media
3613;Gaming
3614;E-commerce
3615;Platforms & Social Media
3616;SaaS
3617;E-commerce
3618;Fintech
3619;EdTech
3620;Gaming
3621;Health & Fitness
3622;Fintech
3623;Platforms & Social Media
3624;E-commerce
3625;Agritech
3626;Real Estate
3627;Fintech
3628;E-commerce
3629;EdTech
3630;Fintech
3631;Fintech
3632;SaaS
3633;EdTech
3634;SaaS
3635;Platforms & Social Media
3636;EdTech
3637;Health & Fitness
3638;Health & Fitness
3639;EdTech
3640;Fintech
3641;Marketplace
3642;EdTech
3643;E-commerce
3644;Health & Fitness
3645;Fintech
3646;Fintech
3647;Technology
3648;EdTech
3649;SaaS
3650;Food & Beverages
3651;Technology
3652;Platforms & Social Media
3653;Fashion
3654;Gaming
3655;Fintech
3656;Fashion
3657;Transportation
3658;EdTech
3659;Other
3660;Fintech
3661;Gaming
3662;Fashion
3663;Energy
3664;Other
3665;Fintech
3666;Fintech
3667;Health & Fitness
3668;EdTech
3669;Automotive
3670;Consulting
3671;Agritech
3672;Agritech
3673;Fintech
3674;Food & Beverages
3675;Fintech
3676;Food & Beverages
3677;EdTech
3678;Other
3679;Fintech
3680;Fintech
3681;E-commerce
3682;E-commerce
3683;Other
3684;IT
3685;EdTech
3686;Agritech
3687;Platforms & Social Media
3688;Consulting
3689;Media
3690;EdTech
3691;Health & Fitness
3692;Food & Beverages
3693;Fintech
3694;Gaming
3695;Gaming
3696;Fintech
3697;Consulting
3698;EdTech
3699;Fintech
3700;Health & Fitness
3701;Fintech
3702;Fashion
3703;Media
3704;EdTech
3705;Health & Fitness
3706;Fintech
3707;Agritech
3708;E-commerce
3709;Health & Fitness
3710;Hospitality
3711;Agritech
3712;Fintech
3713;EdTech
3714;EdTech
3715;Health & Fitness
3716;E-commerce
3717;Health & Fitness
3718;EdTech
3719;Entertainment
3720;Other
3721;Health & Fitness
3722;Energy
3723;EdTech
3724;Health & Fitness
3725;EdTech
3726;Fintech
3727;Platforms & Social Media
3728;Other
3729;Fintech
3730;AI
3731;EdTech
3732;Fintech
3733;EdTech
3734;EdTech
3735;E-commerce
3736;Fintech
3737;Transportation
3738;Health & Fitness
3739;Health & Fitness
3740;Health & Fitness
3741;Fintech
3742;EdTech
3743;Real Estate
3744;Fintech
3745;E-commerce
3746;Health & Fitness
3747;Platforms & Social Media
3748;SaaS
3749;SaaS
3750;IT
3751;EdTech
3752;Food & Beverages
3753;Fintech
3754;Fintech
3755;Platforms & Social Media
3756;Platforms & Social Media
3757;Fintech
3758;E-commerce
3759;Fintech
3760;Hospitality
3761;Gaming
3762;Automotive
3763;EdTech
3764;Health & Fitness
3765;Transportation
3766;Health & Fitness
3767;E-commerce
3768;Health & Fitness
3769;EdTech
3770;Fintech
3771;Health & Fitness
3772;Fintech
3773;Health & Fitness
3774;Gaming
3775;Entertainment
3776;Health & Fitness
3777;Agritech
3778;Consulting
3779;EdTech
3780;Health & Fitness
3781;Fintech
3782;Food & Beverages
3783;Media
3784;IT
3785;Technology
3786;Consulting
3787;Gaming
3788;Agritech
3789;Entertainment
3790;Fintech
3791;Fintech
3792;E-commerce
3793;Health & Fitness
3794;Agritech
3795;Other
3796;Fintech
3797;IT
3798;Technology
3799;Fintech
3800;EdTech
3801;Fintech
3802;Health & Fitness
3803;EdTech
3804;Fashion
3805;Fintech
3806;Health & Fitness
3807;Other
3808;AI
3809;Health & Fitness
3810;Fintech
3811;Fintech
3812;Fintech
3813;Health & Fitness
3814;Technology
3815;Health & Fitness
3816;Technology
3817;Health & Fitness
3818;Other
3819;Gaming
3820;Automotive
3821;IT
3822;Energy
3823;Health & Fitness
3824;Gaming
3825;Fintech
3826;Other
3827;Health & Fitness
3828;Fintech
3829;Consulting
3830;AI
3831;Fintech
3832;Fintech
3833;Fintech
3834;Other
3835;Other
3836;Fintech
3837;Fintech
3838;Fintech
3839;Fintech
3840;Hospitality
3841;Health & Fitness
3842;Health & Fitness
3843;EdTech
3844;Other
3845;Fintech
3846;Fintech
3847;Gaming
3848;EdTech
3849;E-commerce
3850;Fintech
3851;Platforms & Social Media
3852;Fintech
3853;Platforms & Social Media
3854;Gaming
3855;E-commerce
3856;Other
3857;E-commerce
3858;SaaS
3859;EdTech
3860;E-commerce
3861;Automotive
3862;Fintech
3863;Fintech
3864;EdTech
3865;EdTech
3866;Consulting
3867;Other
3868;IT
3869;Fintech
3870;AI
3871;EdTech
3872;EdTech
3873;E-commerce
3874;Fintech
3875;SaaS
3876;Health & Fitness
3877;Health & Fitness
3878;Technology
3879;E-commerce
3880;Health & Fitness
3881;SaaS
3882;Health & Fitness
3883;Energy
3884;E-commerce
3885;IT
3886;Energy
3887;IT
3888;EdTech
3889;Fintech
3890;Fintech
3891;Food & Beverages
3892;Other
3893;Fintech
3894;IT
3895;Health & Fitness
3896;Health & Fitness
3897;Other
3898;EdTech
3899;Gaming
3900;IT
3901;Retail
3902;Food & Beverages
3903;Energy
3904;Fintech
3905;Technology
3906;Agritech
3907;IT
3908;Food & Beverages
3909;IT
3910;Food & Beverages
3911;EdTech
3912;AI
3913;IT
3914;Logistics & Supply Chain
3915;Hospitality
3916;Fashion
3917;E-commerce
3918;Fintech
3919;Consulting
3920;Transportation
3921;Consulting
3922;Food & Beverages
3923;EdTech
3924;EdTech
3925;Automotive
3926;Fintech
3927;Fintech
3928;SaaS
3929;Health & Fitness
3930;Energy
3931;Fintech
3932;Entertainment
3933;Food & Beverages
3934;Fintech
3935;Fintech
3936;Fintech
3937;Fintech
3938;Entertainment
3939;Platforms & Social Media
3940;Consulting
3941;Retail
3942;Fintech
3943;Fintech
3944;Other
3945;Fintech
3946;E-commerce
3947;E-commerce
3948;EdTech
3949;EdTech
3950;Technology
3951;Consulting
3952;E-commerce
3953;Platforms & Social Media
3954;Retail
3955;Health & Fitness
3956;Fashion
3957;Automotive
3958;EdTech
3959;Fintech
3960;EdTech
3961;Fashion
3962;Real Estate
3963;Consulting
3964;AI
3965;Entertainment
3966;Energy
3967;Fintech
3968;AI
3969;IT
3970;Fintech
3971;SaaS
3972;EdTech
3973;Fintech
3974;Fintech
3975;Other
3976;Platforms & Social Media
3977;EdTech
3978;Consulting
3979;Health & Fitness
3980;Agritech
3981;Fintech
3982;Fintech
3983;Automotive
3984;IT
3985;Entertainment
3986;Fintech
3987;Health & Fitness
3988;Health & Fitness
3989;EdTech
3990;SaaS
3991;Fashion
3992;Consulting
3993;Health & Fitness
3994;Fintech
3995;EdTech
3996;Fintech
3997;Technology
3998;IT
3999;Consulting
4000;Fintech
4001;Fintech
4002;Logistics & Supply Chain
4003;AI
4004;AI
4005;AI
4006;Retail
4007;EdTech
4008;Health & Fitness
4009;SaaS
4010;Transportation
4011;EdTech
4012;E-commerce
4013;Fintech
4014;Fintech
4015;Platforms & Social Media
4016;Fintech
4017;IT
4018;Logistics & Supply Chain
4019;EdTech
4020;Platforms & Social Media
4021;Fashion
4022;Health & Fitness
4023;IT
4024;Health & Fitness
4025;SaaS
4026;Other
4027;Logistics & Supply Chain
4028;EdTech
4029;EdTech
4030;Fintech
4031;EdTech
4032;Health & Fitness
4033;Fashion
4034;Fintech
4035;Logistics & Supply Chain
4036;Health & Fitness
4037;Agritech
4038;Automotive
4039;EdTech
4040;Fintech
4041;E-commerce
4042;Health & Fitness
4043;E-commerce
4044;Health & Fitness
4045;Food & Beverages
4046;Fintech
4047;IT
4048;Logistics & Supply Chain
4049;Fintech
4050;Energy
4051;Consulting
4052;EdTech
4053;Logistics & Supply Chain
4054;SaaS
4055;Automotive
4056;Health & Fitness
4057;Health & Fitness
4058;Fintech
4059;SaaS
4060;Logistics & Supply Chain
4061;E-commerce
4062;EdTech
4063;Health & Fitness
4064;SaaS
4065;Fintech
4066;Logistics & Supply Chain
4067;Fintech
4068;Fintech
4069;Consulting
4070;Fashion
4071;Other
4072;SaaS
4073;Fintech
4074;Health & Fitness
4075;SaaS
4076;SaaS
4077;EdTech
4078;Fintech
4079;AI
4080;Platforms & Social Media
4081;Agritech
4082;Fintech
4083;Fintech
4084;Health & Fitness
4085;EdTech
4086;Fintech
4087;Fintech
4088;E-commerce
4089;EdTech
4090;Fintech
4091;Health & Fitness
4092;Technology
4093;Fintech
4094;Platforms & Social Media
4095;SaaS
4096;Consulting
4097;Automotive
4098;Real Estate
4099;Fintech
4100;EdTech
4101;EdTech
4102;Health & Fitness
4103;Food & Beverages
4104;IT
4105;Automotive
4106;Automotive
4107;Health & Fitness
4108;Health & Fitness
4109;EdTech
4110;E-commerce
4111;E-commerce
4112;Fintech
4113;SaaS
4114;EdTech
4115;Logistics & Supply Chain
4116;Gaming
4117;Health & Fitness
4118;EdTech
4119;Fintech
4120;Entertainment
4121;IT
4122;Health & Fitness
4123;SaaS
4124;Fashion
4125;IT
4126;Automotive
4127;Energy
4128;Health & Fitness
4129;IT
4130;SaaS
4131;EdTech
4132;Energy
4133;IT
4134;Hospitality
4135;Automotive
4136;Health & Fitness
4137;Automotive
4138;EdTech
4139;Logistics & Supply Chain
4140;Food & Beverages
4141;Health & Fitness
4142;Fintech
4143;Automotive
4144;Fintech
4145;EdTech
4146;Consulting
4147;Real Estate
4148;E-commerce
4149;SaaS
4150;Media
4151;Health & Fitness
4152;Health & Fitness
4153;Other
4154;IT
4155;Gaming
4156;EdTech
4157;Automotive
4158;Media
4159;IT
4160;IT
4161;Food & Beverages
4162;Health & Fitness
4163;EdTech
4164;Automotive
4165;SaaS
4166;SaaS
4167;Health & Fitness
4168;Other
4169;Food & Beverages
4170;Other
4171;SaaS
4172;EdTech
4173;Health & Fitness
4174;Logistics & Supply Chain
4175;Consulting
4176;SaaS
4177;Health & Fitness
4178;Consulting
4179;Automotive
4180;Health & Fitness
4181;Logistics & Supply Chain
4182;Food & Beverages
4183;Other
4184;Health & Fitness
4185;EdTech
4186;SaaS
4187;Fintech
4188;Other
4189;Automotive
4190;Health & Fitness
4191;Consulting
4192;Health & Fitness
4193;Food & Beverages
4194;Automotive
4195;Marketplace
4196;Health & Fitness
4197;Fintech
4198;Health & Fitness
4199;Fintech
4200;EdTech
4201;Energy
4202;Health & Fitness
4203;SaaS
4204;IT
4205;IT
4206;IT
4207;IT
4208;Agritech
4209;Real Estate
4210;Hospitality
4211;SaaS
4212;Health & Fitness
4213;Automotive
4214;SaaS
4215;EdTech
4216;EdTech
4217;Platforms & Social Media
4218;EdTech
4219;Health & Fitness
4220;Food & Beverages
4221;Platforms & Social Media
4222;IT
4223;EdTech
4224;Food & Beverages
4225;Food & Beverages
4226;EdTech
4227;Fashion
4228;SaaS
4229;Consulting
4230;Energy
4231;SaaS
4232;SaaS
4233;Automotive
4234;Technology
4235;Food & Beverages
4236;SaaS
4237;E-commerce
4238;Automotive
4239;Fintech
4240;Food & Beverages
4241;Food & Beverages
4242;Gaming
4243;SaaS
4244;Other
4245;IT
4246;Health & Fitness
4247;Fintech
4248;EdTech
4249;IT
4250;IT
4251;Health & Fitness
4252;Fintech
4253;IT
4254;IT
4255;Health & Fitness
4256;Health & Fitness
4257;SaaS
4258;Food & Beverages
4259;EdTech
4260;SaaS
4261;SaaS
4262;Logistics & Supply Chain
4263;Retail
4264;EdTech
4265;Transportation
4266;Hospitality
4267;SaaS
4268;SaaS
4269;Other
4270;Fintech
4271;SaaS
4272;Entertainment
4273;Entertainment
4274;Fintech
4275;SaaS
4276;Fintech
4277;Food & Beverages
4278;IT
4279;Fashion
4280;Logistics & Supply Chain
4281;Entertainment
4282;Health & Fitness
4283;Retail
4284;EdTech
4285;Health & Fitness
4286;Entertainment
4287;Consulting
4288;Gaming
4289;Fintech
4290;Logistics & Supply Chain
4291;Health & Fitness
4292;Retail
4293;EdTech
4294;Health & Fitness
4295;Entertainment
4296;Gaming
4297;Food & Beverages
4298;Other
4299;Health & Fitness
4300;SaaS
4301;Fintech
4302;SaaS
4303;IT
4304;Fintech
4305;SaaS
4306;IT
4307;IT
4308;Health & Fitness
4309;IT
4310;Other
4311;Automotive
4312;IT
4313;SaaS
4314;Logistics & Supply Chain
4315;Fintech
4316;Fintech
4317;Food & Beverages
4318;SaaS
4319;SaaS
4320;Automotive
4321;Fintech
4322;SaaS
4323;Automotive
4324;Agritech
4325;Technology
4326;Fintech
4327;Hospitality
4328;IT
4329;Fintech
4330;Other
4331;Health & Fitness
4332;E-commerce
4333;EdTech
4334;Marketplace
4335;SaaS
4336;EdTech
4337;Food & Beverages
4338;Fintech
4339;Health & Fitness
4340;Retail
4341;Gaming
4342;SaaS
4343;Media
4344;Transportation
4345;SaaS
4346;EdTech
4347;Other
4348;EdTech
4349;Technology
4350;EdTech
4351;EdTech
4352;Fintech
4353;Logistics & Supply Chain
4354;Fintech
4355;EdTech
4356;Platforms & Social Media
4357;Logistics & Supply Chain
4358;Fintech
4359;Fintech
4360;Automotive
4361;Food & Beverages
4362;SaaS
4363;Fintech
4364;Fintech
4365;Fintech
4366;Health & Fitness
4367;Media
4368;Logistics & Supply Chain
4369;Health & Fitness
4370;EdTech
4371;EdTech
4372;Fintech
4373;Agritech
4374;Other
4375;Fintech
4376;Technology
4377;Entertainment
4378;Health & Fitness
4379;SaaS
4380;SaaS
4381;Other
4382;SaaS
4383;Fashion
4384;IT
4385;Logistics & Supply Chain
4386;Logistics & Supply Chain
4387;Health & Fitness
4388;Other
4389;Automotive
4390;Food & Beverages
4391;EdTech
4392;Automotive
4393;Fintech
4394;EdTech
4395;IT
4396;Entertainment
4397;Platforms & Social Media
4398;Automotive
4399;SaaS
4400;IT
4401;Fintech
4402;Fintech
4403;Automotive
4404;Other
4405;Fintech
4406;Entertainment
4407;IT
4408;Fintech
4409;Fintech
4410;Food & Beverages
4411;Fintech
4412;Health & Fitness
4413;Health & Fitness
4414;Food & Beverages
4415;Logistics & Supply Chain
4416;Fintech
4417;Fintech
4418;EdTech
4419;Entertainment
4420;Health & Fitness
4421;Consulting
4422;Automotive
4423;Other
4424;Fintech
4425;IT
4426;Entertainment
4427;Automotive
4428;Fintech
4429;Fintech
4430;Retail
4431;Logistics & Supply Chain
4432;Consulting
4433;Hospitality
4434;EdTech
4435;SaaS
4436;Automotive
4437;Fintech
4438;Platforms & Social Media
4439;IT
4440;Automotive
4441;Fashion
4442;Fintech
4443;SaaS
4444;EdTech
4445;EdTech
4446;Food & Beverages
4447;SaaS
4448;Health & Fitness
4449;Fintech
4450;EdTech
4451;Fintech
4452;Health & Fitness
4453;Platforms & Social Media
4454;EdTech
4455;Automotive
4456;SaaS
4457;Other
4458;Food & Beverages
4459;IT
4460;IT
4461;Automotive
4462;Fintech
4463;EdTech
4464;SaaS
4465;Retail
4466;Health & Fitness
4467;EdTech
4468;Fintech
4469;IT
4470;SaaS
4471;IT
4472;Entertainment
4473;EdTech
4474;Logistics & Supply Chain
4475;Entertainment
4476;Gaming
4477;Health & Fitness
4478;Consulting
4479;Agritech
4480;Fashion
4481;Food & Beverages
4482;SaaS
4483;IT
4484;Fintech
4485;Fintech
4486;SaaS
4487;EdTech
4488;Health & Fitness
4489;Entertainment
4490;Agritech
4491;Food & Beverages
4492;EdTech
4493;SaaS
4494;Health & Fitness
4495;Fashion
4496;EdTech
4497;Fintech
4498;IT
4499;Fintech
4500;EdTech
4501;AI
4502;Other
4503;Automotive
4504;SaaS
4505;Other
4506;EdTech
4507;E-commerce
4508;Health & Fitness
4509;Retail
4510;EdTech
4511;Food & Beverages
4512;SaaS
4513;Technology
4514;IT
4515;Fintech
4516;Health & Fitness
4517;Health & Fitness
4518;Other
4519;SaaS
4520;Fintech
4521;Logistics & Supply Chain
4522;Fashion
4523;IT
4524;IT
4525;Food & Beverages
4526;Agritech
4527;Other
4528;Technology
4529;Logistics & Supply Chain
4530;Consulting
4531;Food & Beverages
4532;Fintech
4533;EdTech
4534;Fintech
4535;E-commerce
4536;Fintech
4537;Other
4538;SaaS
4539;Hospitality
4540;Other
4541;Fintech
4542;Retail
4543;Food & Beverages
4544;Consulting
4545;Fintech
4546;Automotive
4547;Logistics & Supply Chain
4548;SaaS
4549;Health & Fitness
4550;Energy
4551;IT
4552;Health & Fitness
4553;SaaS
4554;Entertainment
4555;Retail
4556;Other
4557;Fintech
4558;Other
4559;Other
4560;Energy
4561;Automotive
4562;Fintech
4563;EdTech
4564;Platforms & Social Media
4565;IT
4566;Food & Beverages
4567;SaaS
4568;Other
4569;Other
4570;IT
4571;IT
4572;Automotive
4573;SaaS
4574;Other
4575;Consulting
4576;Other
4577;SaaS
4578;IT
4579;Fintech
4580;Fintech
4581;Other
4582;Fintech
4583;Fintech
4584;Fintech
4585;EdTech
4586;SaaS
4587;EdTech
4588;Fintech
4589;Health & Fitness
4590;Marketplace
4591;EdTech
4592;Real Estate
4593;IT
4594;Fintech
4595;Fintech
4596;SaaS
4597;Fintech
4598;Real Estate
4599;Technology
4600;Automotive
4601;Entertainment
4602;Automotive
4603;Other
4604;Fintech
4605;EdTech
4606;EdTech
4607;EdTech
4608;Food & Beverages
4609;SaaS
4610;Fintech
4611;Fintech
4612;Health & Fitness
4613;Other
4614;Automotive
4615;EdTech
4616;Fintech
4617;SaaS
4618;Agritech
4619;IT
4620;Fintech
4621;SaaS
4622;IT
4623;Automotive
4624;Other
4625;Platforms & Social Media
4626;Automotive
4627;Automotive
4628;Fintech
4629;EdTech
4630;Entertainment
4631;IT
4632;Fintech
4633;Fintech
4634;SaaS
4635;Other
4636;Health & Fitness
4637;IT
4638;Entertainment
4639;Platforms & Social Media
4640;Automotive
4641;Health & Fitness
4642;Fintech
4643;EdTech
4644;Retail
4645;Health & Fitness
4646;Fintech
4647;IT
4648;SaaS
4649;Automotive
4650;Platforms & Social Media
4651;Fintech
4652;Real Estate
4653;EdTech
4654;Health & Fitness
4655;Platforms & Social Media
4656;EdTech
4657;SaaS
4658;Fintech
4659;E-commerce
4660;Platforms & Social Media
4661;SaaS
4662;IT
4663;IT
4664;E-commerce
4665;Real Estate
4666;E-commerce
4667;Health & Fitness
4668;E-commerce
4669;Logistics & Supply Chain
4670;SaaS
4671;EdTech
4672;SaaS
4673;Logistics & Supply Chain
4674;SaaS
4675;Platforms & Social Media
4676;Logistics & Supply Chain
4677;Fintech
4678;Food & Beverages
4679;Fashion
4680;IT
4681;Fashion
4682;Automotive
4683;Food & Beverages
4684;SaaS
4685;Food & Beverages
4686;Automotive
4687;SaaS
4688;Fintech
4689;Food & Beverages
4690;Other
4691;E-commerce
4692;Health & Fitness
4693;Fintech
4694;Other
4695;IT
4696;Fintech